Date,Time,Source,Street,Tags,Link
28 ottobre 2021,11:30,MilanoToday,Viale Monza,indagini,https://www.milanotoday.it/cronaca/bossoli-viale-monza.html
23 ottobre 2021,09:57,MilanoToday,Viale Monza,incidenti-stradali,https://www.milanotoday.it/cronaca/incidente-stradale/via-teocrito-22-ottobre-2021.html
21 ottobre 2021,07:15,MilanoToday,Viale Monza,incidenti-stradali,https://www.milanotoday.it/cronaca/incidente-stradale/negozio-sfondato-viale-monza.html
08 ottobre 2021,15:43,MilanoToday,Viale Monza,"droga,arresti",https://www.milanotoday.it/cronaca/spaccio-documenti-falsi-donna.html
07 ottobre 2021,13:53,MilanoToday,Viale Monza,arresti,https://www.milanotoday.it/cronaca/peschiera-sequestra-ex-centro-commerciale.html
06 ottobre 2021,12:30,MilanoToday,Viale Monza,"droga,arresti",https://www.milanotoday.it/cronaca/laboratorio-cocaina-eroina-via-rucellai.html
30 giugno 2021,15:47,MilanoToday,Viale Monza,morti,https://www.milanotoday.it/cronaca/morti-colf-incidente-lavoro.html
17 giugno 2021,13:08,MilanoToday,Viale Monza,arresti,https://www.milanotoday.it/cronaca/omicidio/via-lombroso-arresto.html
19 aprile 2021,14:46,MilanoToday,Viale Monza,"furti,arresti",https://www.milanotoday.it/cronaca/furti-auto-milano-arresti.html
19 aprile 2021,14:11,MilanoToday,Viale Monza,"droga,arresti",https://www.milanotoday.it/cronaca/arresto-spaccio-viale-monza.html
07 aprile 2021,08:48,MilanoToday,Viale Monza,morti,https://www.milanotoday.it/cronaca/morto-viale-monza-.html
05 aprile 2021,13:31,MilanoToday,Viale Monza,"droga,arresti",https://www.milanotoday.it/cronaca/arrestato-spaccio-cocaina-sesto.html
01 aprile 2021,10:23,MilanoToday,Viale Monza,"incidenti-stradali,morti",https://www.milanotoday.it/attualita/morti-incidenti-stradali-dati.html
26 marzo 2021,07:31,MilanoToday,Viale Monza,incidenti-stradali,https://www.milanotoday.it/attualita/monopattini-incidenti-dati-feriti-sicurezza.html
10 febbraio 2021,11:07,MilanoToday,Viale Monza,"arresti,aggressioni",https://www.milanotoday.it/cronaca/polizia-via-popoli-uniti-arresto.html
29 gennaio 2021,15:04,MilanoToday,Viale Monza,"droga,arresti,aggressioni",https://www.milanotoday.it/cronaca/poliziotti-aggredti-villa-san-giovanni.html
28 gennaio 2021,13:26,MilanoToday,Viale Monza,"morti,arresti",https://www.milanotoday.it/cronaca/incendio-cinisello-viale-friuli-arresto-mortoo.html
24 dicembre 2020,11:34,MilanoToday,Viale Monza,incidenti-stradali,https://www.milanotoday.it/cronaca/incidente-stradale/moto-sovico.html
12 dicembre 2020,09:02,MilanoToday,Viale Monza,"droga,arresti",https://www.milanotoday.it/cronaca/droga-whatsapp-arresti.html
10 dicembre 2020,07:28,MilanoToday,Viale Monza,incidenti,https://www.milanotoday.it/cronaca/ragazzino-caduto-grave-viale-monza.html
23 novembre 2020,14:14,MilanoToday,Viale Monza,"furti,arresti",https://www.milanotoday.it/cronaca/furto-cdi-viale-monza.html
08 novembre 2020,08:07,MilanoToday,Viale Monza,droga,https://www.milanotoday.it/zone/loreto/crescenzago/droga-via-padova-via-narni.html
02 novembre 2020,06:54,MilanoToday,Viale Monza,incidenti,https://www.milanotoday.it/cronaca/incidente-stradale/lino-di-leo-morto.html
30 ottobre 2020,11:58,MilanoToday,Viale Monza,droga,https://www.milanotoday.it/cronaca/droga-alcol-sempione-padova.html
29 ottobre 2020,22:05,MilanoToday,Viale Monza,furti,https://www.milanotoday.it/cronaca/ladro-ruba-auto-polizia-.html
21 ottobre 2020,12:51,MilanoToday,Viale Monza,incidenti,https://www.milanotoday.it/cronaca/incidente-stradale/viale-monza-auto-bici.html
08 ottobre 2020,14:45,MilanoToday,Viale Monza,arresti,https://www.milanotoday.it/cronaca/cercano-ammazzare-debito.html
08 ottobre 2020,12:36,MilanoToday,Viale Monza,"furti,arresti",https://www.milanotoday.it/cronaca/furti-casa-pezzo-bottiglia.html
13 settembre 2020,13:47,MilanoToday,Viale Monza,furti,https://www.milanotoday.it/cronaca/furto-casa-roggia-scagna.html
05 settembre 2020,10:10,MilanoToday,Viale Monza,"incidenti-stradali,furti,arresti",https://www.milanotoday.it/cronaca/inseguimento-monza-viale-industrie.html
31 agosto 2020,10:14,MilanoToday,Viale Monza,incidenti-stradali,https://www.milanotoday.it/cronaca/incidente-stradale/viale-monza-domenica.html
06 agosto 2020,13:37,MilanoToday,Viale Monza,"furti,arresti",https://www.milanotoday.it/cronaca/arrestato-furto-tigota-viale-monza.html
01 luglio 2020,11:41,MilanoToday,Viale Monza,"furti,arresti",https://www.milanotoday.it/cronaca/furti-auto-demolitore-monza.html
22 maggio 2020,12:06,MilanoToday,Viale Monza,incidenti-stradali,https://www.milanotoday.it/cronaca/incidente-stradale/viale-monza-22-maggio-2020.html
21 maggio 2020,17:41,MilanoToday,Viale Monza,incidenti-stradali,https://www.milanotoday.it/attualita/morto-viale-monza-ciclabile.html
05 maggio 2020,17:21,MilanoToday,Viale Monza,arresti,https://www.milanotoday.it/cronaca/maniaco-donna-via-2-giugno.html
03 aprile 2020,19:00,MilanoToday,Viale Monza,droga,https://www.milanotoday.it/cronaca/spacciatore-domicilio-quarantena.html
20 marzo 2020,07:30,MilanoToday,Viale Monza,morti,https://www.milanotoday.it/attualita/coronavirus/aggiornamenti-20-marzo-contagi-morti-lombardia.html
10 marzo 2020,14:35,MilanoToday,Viale Monza,"droga,arresti",https://www.milanotoday.it/cronaca/spaccio-cobret-cos-e.html
09 febbraio 2020,09:59,MilanoToday,Viale Monza,morti,https://www.milanotoday.it/cronaca/uomo-morto-treno-galleria-monza.html
28 gennaio 2020,08:21,MilanoToday,Viale Monza,droga,https://www.milanotoday.it/cronaca/macellaio-spacciatore-cocaina.html
27 gennaio 2020,15:44,MilanoToday,Viale Monza,rapine,https://www.milanotoday.it/cronaca/rapina-auchan-viale-monza.html
12 dicembre 2019,14:41,MilanoToday,Viale Monza,"droga,arresti",https://www.milanotoday.it/cronaca/arrestato-droga-controsoffitto.html
13 settembre 2019,14:23,MilanoToday,Viale Monza,furti,https://www.milanotoday.it/cronaca/ruba-cane-amico-denunciato.html
27 agosto 2019,13:54,MilanoToday,Viale Monza,"droga,arresti",https://www.milanotoday.it/zone/cinisello-balsamo/arrestati-fidanzati-droga-spaccio.html
24 agosto 2019,09:37,MilanoToday,Viale Monza,incidenti-stradali,https://www.milanotoday.it/cronaca/incidente-stradale/viale-liberta_ubriaco-monza.html
20 agosto 2019,15:54,MilanoToday,Viale Monza,"droga,arresti",https://www.milanotoday.it/cronaca/ovuli-cocaina-auto-arrestato.html
08 agosto 2019,13:07,MilanoToday,Viale Monza,"indagini,aggressioni",https://www.milanotoday.it/cronaca/accoltellato-casa-via-primaticcio.html
04 agosto 2019,15:33,MilanoToday,Viale Monza,incidenti,https://www.milanotoday.it/cronaca/incidente-stradale/auto-moto-viale-sicilia.html
15 luglio 2019,16:58,MilanoToday,Viale Monza,droga,https://www.milanotoday.it/cronaca/droga-nascosta-auto-via-corazzini.html
24 giugno 2019,18:26,MilanoToday,Viale Monza,indagini,https://www.milanotoday.it/cronaca/turista-inglese-violentata-navigli.html
18 giugno 2019,15:32,MilanoToday,Viale Monza,arresti,https://www.milanotoday.it/cronaca/latitante-ricercato-arrestato-peru.html
01 giugno 2019,15:17,MilanoToday,Viale Monza,rapine,https://www.milanotoday.it/cronaca/furti-truffe-tocomocho.html
30 maggio 2019,14:04,MilanoToday,Viale Monza,droga,https://www.milanotoday.it/zone/loreto/crescenzago/arresto-viale-monza.html
25 maggio 2019,13:20,MilanoToday,Viale Monza,morti,https://www.milanotoday.it/cronaca/incendio/morto-martino-iacino.html
20 maggio 2019,18:02,MilanoToday,Viale Monza,"droga,arresti",https://www.milanotoday.it/cronaca/arresti-via-padova-droga-polizia.html
14 maggio 2019,16:13,MilanoToday,Viale Monza,"furti,arresti",https://www.milanotoday.it/cronaca/furto-gomma-auto-bancomat.html
13 maggio 2019,16:30,MilanoToday,Viale Monza,"droga,arresti",https://www.milanotoday.it/cronaca/spaccio-arresti-settimana.html
10 maggio 2019,00:05,MilanoToday,Viale Monza,droga,https://www.milanotoday.it/cronaca/supermercato-droga-stupro.html
29 aprile 2019,13:51,MilanoToday,Viale Monza,"arresti,aggressioni",https://www.milanotoday.it/cronaca/vigili-aggrediti-metro-turro.html
20 aprile 2019,08:50,MilanoToday,Viale Monza,rapine,https://www.milanotoday.it/cronaca/arrestati-rapinatori-donne-monza.html
17 aprile 2019,14:09,MilanoToday,Viale Monza,aggressioni,https://www.milanotoday.it/cronaca/ragazzino-disabile-picchiato.html
15 marzo 2019,13:11,MilanoToday,Viale Monza,"rapine,arresti",https://www.milanotoday.it/cronaca/rapina-critical-mass-arresti.html
03 febbraio 2019,16:52,MilanoToday,Viale Monza,rapine,https://www.milanotoday.it/cronaca/rapina-viale-monza-3-febbraio-2019.html
15 gennaio 2019,10:32,MilanoToday,Viale Monza,arresti,https://www.milanotoday.it/cronaca/rubano-pallet-lidl-sesto.html
13 gennaio 2019,08:33,MilanoToday,Viale Monza,arresti,https://www.milanotoday.it/cronaca/arrestato-pr-discoteche-corso-como.html
09 gennaio 2019,17:31,MilanoToday,Viale Monza,"droga,arresti",https://www.milanotoday.it/zone/loreto/greco/arrestato-ragazzo-spaccio-casa.html
09 gennaio 2019,17:01,MilanoToday,Viale Monza,"rapine,arresti",https://www.milanotoday.it/cronaca/arrestato-omicidio-rapina-peru.html
11 dicembre 2018,08:05,MilanoToday,Viale Monza,incidenti-stradali,https://www.milanotoday.it/cronaca/incidente-stradale/morto-cinisello-balsamo.html
10 dicembre 2018,17:43,MilanoToday,Viale Monza,"rapine,furti",https://www.milanotoday.it/zone/loreto/furti-rapine-revoca-compro-oro-viale-monza.html
29 novembre 2018,17:17,MilanoToday,Viale Monza,incidenti,https://www.milanotoday.it/cronaca/incidente-stradale/traffico-tangenziale--nord-oggi.html
26 novembre 2018,12:21,MilanoToday,Viale Monza,incidenti-stradali,https://www.milanotoday.it/cronaca/incidente-stradale/viale-fulvio-testi-26-novembre-2018.html
20 novembre 2018,15:51,MilanoToday,Viale Monza,"rapine,furti,arresti",https://www.milanotoday.it/cronaca/furti-tocomocho-ipnosi-arresti.html
19 novembre 2018,17:46,MilanoToday,Viale Monza,furti,https://www.milanotoday.it/cronaca/furti-auto-lusso-demolitore.html
16 novembre 2018,15:11,MilanoToday,Viale Monza,"incidenti-stradali,morti",https://www.milanotoday.it/attualita/numeri-incidenti-morti.html
12 novembre 2018,12:51,MilanoToday,Viale Monza,"furti,arresti",https://www.milanotoday.it/zone/loreto/precotto/furto-metro-villa-san-giovanni.html
09 novembre 2018,11:51,MilanoToday,Viale Monza,"incidenti-stradali,morti",https://www.milanotoday.it/cronaca/incidente-stradale/monza-cavalcavia-marconi.html
03 novembre 2018,08:27,MilanoToday,Viale Monza,incidenti-stradali,https://www.milanotoday.it/cronaca/incidente-stradale/pirata-strada-besana-chi-e.html
31 ottobre 2018,10:03,MilanoToday,Viale Monza,incidenti-stradali,https://www.milanotoday.it/cronaca/incidente-stradale/morta-incidente-viale-monza.html
29 ottobre 2018,19:10,MilanoToday,Viale Monza,incidenti-stradali,https://www.milanotoday.it/cronaca/incidente-stradale/morta-viale-monza-auto-pirata.html
28 ottobre 2018,14:00,MilanoToday,Viale Monza,incidenti-stradali,https://www.milanotoday.it/cronaca/incidente-stradale/pirata-strada-viale-monza-chi-e.html
27 ottobre 2018,18:04,MilanoToday,Viale Monza,incidenti-stradali,https://www.milanotoday.it/cronaca/incidente-stradale/pirata-strada-loreto-chi-e.html
27 ottobre 2018,09:22,MilanoToday,Viale Monza,incidenti-stradali,https://www.milanotoday.it/video/motorini-pirata-loreto.html
27 ottobre 2018,09:13,MilanoToday,Viale Monza,incidenti-stradali,https://www.milanotoday.it/cronaca/incidente-stradale/scooter-loreto-pirata-strada.html
27 ottobre 2018,09:10,MilanoToday,Viale Monza,incidenti-stradali,https://www.milanotoday.it/video/pirata-strada-viale-monza-stanotte.html
27 ottobre 2018,08:33,MilanoToday,Viale Monza,incidenti-stradali,https://www.milanotoday.it/cronaca/incidente-stradale/viale-monza-pirata-stanotte.html
25 ottobre 2018,09:20,MilanoToday,Viale Monza,incidenti-stradali,https://www.milanotoday.it/video/fulvio-testi-cinisello.html
25 ottobre 2018,09:14,MilanoToday,Viale Monza,incidenti-stradali,https://www.milanotoday.it/cronaca/incidente-stradale/viale-fulvio-testi-.html
25 ottobre 2018,08:53,MilanoToday,Viale Monza,incidenti-stradali,https://www.milanotoday.it/cronaca/incidente-stradale/camion-auto-fulvio-testi-cinisello.html
16 ottobre 2018,16:27,MilanoToday,Viale Monza,arresti,https://www.milanotoday.it/cronaca/omicidio/omicidio-trans-viale-testi--.html
14 ottobre 2018,17:41,MilanoToday,Viale Monza,incidenti-stradali,https://www.milanotoday.it/cronaca/incidente-stradale/ubriaco-viale-lombardia-brugherio.html
14 ottobre 2018,08:09,MilanoToday,Viale Monza,incidenti-stradali,https://www.milanotoday.it/cronaca/incidente-stradale/besana-brianza-stanotte.html
28 settembre 2018,17:09,MilanoToday,Viale Monza,"arresti,aggressioni",https://www.milanotoday.it/zone/loreto/precotto/accoltellato-metro-pasteur-arresto.html
28 settembre 2018,15:01,MilanoToday,Viale Monza,"arresti,aggressioni",https://www.milanotoday.it/video/spacciatore-accoltella-metro-.html
25 settembre 2018,17:50,MilanoToday,Viale Monza,rapine,https://www.milanotoday.it/zone/loreto/viale-monza-rapina-compro-oro.html
22 settembre 2018,08:43,MilanoToday,Viale Monza,incidenti-stradali,https://www.milanotoday.it/cronaca/incidente-stradale/morto-cogliate-venerdi-21-settembre.html
21 settembre 2018,12:15,MilanoToday,Viale Monza,morti,https://www.milanotoday.it/cronaca/incidente-stradale/emiliana-colitto-marco-forlano.html
21 settembre 2018,07:59,MilanoToday,Viale Monza,incidenti-stradali,https://www.milanotoday.it/cronaca/incidente-stradale/bezzi-morti-moto-smart.html
21 agosto 2018,17:39,MilanoToday,Viale Monza,aggressioni,https://www.milanotoday.it/cronaca/accoltellato-metro-pasteur.html
13 luglio 2018,15:20,MilanoToday,Viale Monza,aggressioni,https://www.milanotoday.it/cronaca/picchia-ex-fidanzata-parcheggio-supermercato.html
05 luglio 2018,11:23,MilanoToday,Viale Monza,arresti,https://www.milanotoday.it/cronaca/arresto-prostituta-16-anni-vodoo.html
29 giugno 2018,12:58,MilanoToday,Viale Monza,arresti,https://www.milanotoday.it/cronaca/arrestato-francesco-lucci-.html
27 giugno 2018,16:50,MilanoToday,Viale Monza,incidenti,https://www.milanotoday.it/cronaca/incidente-stradale/via-ascanio-sforza-viale-tibaldi--.html
14 giugno 2018,20:22,MilanoToday,Viale Monza,incidenti-stradali,https://www.milanotoday.it/cronaca/incidente-stradale/a4-certosa.html
09 giugno 2018,13:57,MilanoToday,Viale Monza,arresti,https://www.milanotoday.it/cronaca/armato-stazione-sesto.html
26 aprile 2018,15:26,MilanoToday,Viale Monza,incidenti-stradali,https://www.milanotoday.it/cronaca/viale-monza-condannato-appello.html
11 aprile 2018,07:58,MilanoToday,Viale Monza,furti,https://www.milanotoday.it/cronaca/arrestati-corrieri-peruviani.html
27 marzo 2018,14:30,MilanoToday,Viale Monza,arresti,https://www.milanotoday.it/cronaca/violenza-sessuale-bambina-monza.html
24 marzo 2018,16:05,MilanoToday,Viale Monza,furti,https://www.milanotoday.it/zone/cologno/furto-bancomat-viale-lombardia.html
24 marzo 2018,15:53,MilanoToday,Viale Monza,rapine,https://www.milanotoday.it/video/rapina-bancomat-cologno.html
20 marzo 2018,15:09,MilanoToday,Viale Monza,furti,https://www.milanotoday.it/cronaca/furto-auto-viale-monza.html
17 marzo 2018,13:53,MilanoToday,Viale Monza,"indagini,arresti",https://www.milanotoday.it/cronaca/omicidio-cinisello-arresti.html
16 marzo 2018,15:38,MilanoToday,Viale Monza,"rapine,arresti",https://www.milanotoday.it/cronaca/rapina-rolex-arresti.html
16 marzo 2018,13:21,MilanoToday,Viale Monza,rapine,https://www.milanotoday.it/video/rapina-rolex.html
07 marzo 2018,19:03,MilanoToday,Viale Monza,"incidenti-stradali,indagini,morti",https://www.milanotoday.it/cronaca/incidente-stradale/bimbo-morto-omicidio-colposo.html
05 marzo 2018,15:44,MilanoToday,Viale Monza,arresti,https://www.milanotoday.it/cronaca/inseguimento-via-rossi.html
20 febbraio 2018,16:50,MilanoToday,Viale Monza,"furti,arresti",https://www.milanotoday.it/cronaca/camion-rubati-via-selvanesco.html
31 gennaio 2018,18:26,MilanoToday,Viale Monza,rapine,https://www.milanotoday.it/zone/cologno/rapina-u2-via-perego.html
31 gennaio 2018,11:09,MilanoToday,Viale Monza,incidenti-stradali,https://www.milanotoday.it/cronaca/incidente-stradale/viale-monza-ora.html
28 gennaio 2018,08:16,MilanoToday,Viale Monza,incidenti-stradali,https://www.milanotoday.it/cronaca/incidente-stradale/moto-viale-scarampo.html
24 gennaio 2018,13:54,MilanoToday,Viale Monza,"rapine,arresti",https://www.milanotoday.it/cronaca/rapinatore-seriale-prostitute.html
09 gennaio 2018,15:41,MilanoToday,Viale Monza,morti,https://www.milanotoday.it/cronaca/morto-manager-scomparso-.html
Date,Time,Source,Street,Tags,Link
26 ottobre 2021,17:13,MilanoToday,Piazza Duca d'Aosta,"rapine,arresti",https://www.milanotoday.it/cronaca/ricercato-rapina-stazione-centrale.html
26 ottobre 2021,13:55,MilanoToday,Piazza Duca d'Aosta,arresti,https://www.milanotoday.it/cronaca/rapinatore-arrestato-stazione.html
07 ottobre 2021,15:55,MilanoToday,Piazza Duca d'Aosta,"rapine,indagini,arresti",https://www.milanotoday.it/cronaca/rapinato-stazione-marsupio-zaino.html
01 ottobre 2021,13:19,MilanoToday,Piazza Duca d'Aosta,rapine,https://www.milanotoday.it/cronaca/rapina-portafogli-dorme-stazione-centrale.html
18 settembre 2021,15:27,MilanoToday,Piazza Duca d'Aosta,furti,https://www.milanotoday.it/cronaca/furto-zaino-duca-aosta.html
13 settembre 2021,16:17,MilanoToday,Piazza Duca d'Aosta,"droga,arresti",https://www.milanotoday.it/cronaca/droga-treno-green-pass.html
08 settembre 2021,12:06,MilanoToday,Piazza Duca d'Aosta,"arresti,aggressioni",https://www.milanotoday.it/cronaca/pipi-picchia-militari-stazione.html
01 settembre 2021,13:06,MilanoToday,Piazza Duca d'Aosta,"furti,arresti",https://www.milanotoday.it/cronaca/arresti-metro-centrale-furto.html
26 agosto 2021,12:25,MilanoToday,Piazza Duca d'Aosta,arresti,https://www.milanotoday.it/cronaca/ragazzo-arrestato_stazione-centrale.html
19 agosto 2021,14:57,MilanoToday,Piazza Duca d'Aosta,furti,https://www.milanotoday.it/cronaca/ladri-portafogli-francesi.html
18 agosto 2021,13:17,MilanoToday,Piazza Duca d'Aosta,"arresti,aggressioni",https://www.milanotoday.it/cronaca/picchia-passeggero-treno-bologna.html
02 agosto 2021,13:32,MilanoToday,Piazza Duca d'Aosta,rapine,https://www.milanotoday.it/cronaca/rapina-ragazza-bici-stazione-centrale.html
25 luglio 2021,12:06,MilanoToday,Piazza Duca d'Aosta,"rapine,arresti",https://www.milanotoday.it/cronaca/rapina-senzatetto-stazione-centrale.html
08 luglio 2021,12:17,MilanoToday,Piazza Duca d'Aosta,"furti,arresti",https://www.milanotoday.it/cronaca/ladra-metro-partorisce.html
02 luglio 2021,16:05,MilanoToday,Piazza Duca d'Aosta,arresti,https://www.milanotoday.it/cronaca/ricercati-arrestati-stazione.html
30 giugno 2021,15:47,MilanoToday,Piazza Duca d'Aosta,"rapine,arresti",https://www.milanotoday.it/cronaca/rapina-skate-stazione.html
24 giugno 2021,15:51,MilanoToday,Piazza Duca d'Aosta,droga,https://www.milanotoday.it/cronaca/spacciatore-arrestato-stazione-centrale-pero.html
24 giugno 2021,09:23,MilanoToday,Piazza Duca d'Aosta,aggressioni,https://www.milanotoday.it/cronaca/picchiato-stazione-centrale-24-giugno.html
24 giugno 2021,09:01,MilanoToday,Piazza Duca d'Aosta,aggressioni,https://www.milanotoday.it/cronaca/accoltellato-politecnico-leonardo-vinci.html
18 giugno 2021,12:44,MilanoToday,Piazza Duca d'Aosta,aggressioni,https://www.milanotoday.it/zone/loreto/aggressione-18-giugno-2021.html
14 giugno 2021,09:41,MilanoToday,Piazza Duca d'Aosta,aggressioni,https://www.milanotoday.it/cronaca/accoltellato-stazione-centrale-14-giugno-2021.html
10 giugno 2021,14:41,MilanoToday,Piazza Duca d'Aosta,arresti,https://www.milanotoday.it/cronaca/documenti-falsi-metro-centrale-arresti.html
07 giugno 2021,16:04,MilanoToday,Piazza Duca d'Aosta,arresti,https://www.milanotoday.it/cronaca/evade-fidanzata-minorenne.html
10 maggio 2021,13:41,MilanoToday,Piazza Duca d'Aosta,"rapine,arresti,aggressioni",https://www.milanotoday.it/cronaca/rapina-portafogli-centrale-arresto.html
03 maggio 2021,13:46,MilanoToday,Piazza Duca d'Aosta,"rapine,furti,arresti",https://www.milanotoday.it/cronaca/furto-stazione-ricercato-spagna.html
23 aprile 2021,17:21,MilanoToday,Piazza Duca d'Aosta,arresti,https://www.milanotoday.it/cronaca/ricercato-stazione-centrale-ordini-carcerazione.html
12 marzo 2021,12:08,MilanoToday,Piazza Duca d'Aosta,"arresti,aggressioni",https://www.milanotoday.it/cronaca/aggredisce-esercito-polizia-stazione.html
15 gennaio 2021,11:26,MilanoToday,Piazza Duca d'Aosta,rapine,https://www.milanotoday.it/cronaca/rapinatore-perde-documenti.html
08 gennaio 2021,13:01,MilanoToday,Piazza Duca d'Aosta,arresti,https://www.milanotoday.it/cronaca/latitante-arrestato_stazione-centrale.html
22 dicembre 2020,11:05,MilanoToday,Piazza Duca d'Aosta,arresti,https://www.milanotoday.it/cronaca/figlia-maniaco-bagno-centrale.html
27 novembre 2020,10:57,MilanoToday,Piazza Duca d'Aosta,morti,https://www.milanotoday.it/attualita/maradona-maxi-schermo-stazione-centrale.html
05 novembre 2020,15:28,MilanoToday,Piazza Duca d'Aosta,arresti,https://www.milanotoday.it/cronaca/migranti-siriani-viaggio-centrale.html
20 ottobre 2020,14:22,MilanoToday,Piazza Duca d'Aosta,furti,https://www.milanotoday.it/cronaca/ladro-calice-papa-arrestato.html
16 settembre 2020,08:35,MilanoToday,Piazza Duca d'Aosta,"furti,arresti",https://www.milanotoday.it/cronaca/furto-bagagli-centrale-arresti.html
09 settembre 2020,13:38,MilanoToday,Piazza Duca d'Aosta,"rapine,arresti",https://www.milanotoday.it/cronaca/rapina-centrale-15-anni.html
04 settembre 2020,13:30,MilanoToday,Piazza Duca d'Aosta,"furti,arresti",https://www.milanotoday.it/cronaca/furto-metro-centrale-m2.html
02 settembre 2020,11:41,MilanoToday,Piazza Duca d'Aosta,"furti,arresti",https://www.milanotoday.it/cronaca/furto-soldi-biglietto-metro.html
01 settembre 2020,11:40,MilanoToday,Piazza Duca d'Aosta,"droga,arresti",https://www.milanotoday.it/cronaca/poliziotto-costola-rotta-spacciatore.html
01 settembre 2020,11:12,MilanoToday,Piazza Duca d'Aosta,"arresti,aggressioni",https://www.milanotoday.it/cronaca/poliziotti-aggrediti-centrale-mascherina.html
21 agosto 2020,11:13,MilanoToday,Piazza Duca d'Aosta,furti,https://www.milanotoday.it/cronaca/furti-stazione-centrale-arrestato.html
13 agosto 2020,15:51,MilanoToday,Piazza Duca d'Aosta,arresti,https://www.milanotoday.it/cronaca/ricercato-omicidio-stazione-francia.html
07 agosto 2020,08:03,MilanoToday,Piazza Duca d'Aosta,arresti,https://www.milanotoday.it/cronaca/arresto-ladro-centrale-furto-tapis-roulant.html
05 agosto 2020,15:33,MilanoToday,Piazza Duca d'Aosta,"rapine,arresti,aggressioni",https://www.milanotoday.it/cronaca/rapina-ambulante-stazione.html
28 luglio 2020,12:22,MilanoToday,Piazza Duca d'Aosta,"droga,arresti",https://www.milanotoday.it/cronaca/arresti-polizia-via-benedetto-marcello.html
27 luglio 2020,12:52,MilanoToday,Piazza Duca d'Aosta,"arresti,aggressioni",https://www.milanotoday.it/cronaca/volante-forbici-arrestato.html
22 luglio 2020,08:50,MilanoToday,Piazza Duca d'Aosta,droga,https://www.milanotoday.it/cronaca/spacciatore-trolley-arrestato-stazione--.html
14 luglio 2020,12:51,MilanoToday,Piazza Duca d'Aosta,rapine,https://www.milanotoday.it/cronaca/rapina-rissa-stazione-centrale.html
01 luglio 2020,13:01,MilanoToday,Piazza Duca d'Aosta,arresti,https://www.milanotoday.it/cronaca/arrestata-latitante-stazione-centrale.html
21 giugno 2020,12:59,MilanoToday,Piazza Duca d'Aosta,rapine,https://www.milanotoday.it/zone/loreto/stazione-centrale/rapina-tabaccaio.html
15 aprile 2020,08:51,MilanoToday,Piazza Duca d'Aosta,"droga,aggressioni",https://www.milanotoday.it/cronaca/brumotti-aggredito-stazione-centrale.html
08 marzo 2020,11:46,MilanoToday,Piazza Duca d'Aosta,furti,https://www.milanotoday.it/cronaca/furto-stazione-centrale-mango.html
04 marzo 2020,16:40,MilanoToday,Piazza Duca d'Aosta,"furti,arresti",https://www.milanotoday.it/cronaca/furto-treno-inseguito-passeggero.html
21 febbraio 2020,12:32,MilanoToday,Piazza Duca d'Aosta,"furti,arresti,aggressioni",https://www.milanotoday.it/cronaca/picchia-poliziotto-stazione-furto.html
09 febbraio 2020,08:23,MilanoToday,Piazza Duca d'Aosta,"droga,arresti",https://www.milanotoday.it/cronaca/spaccio-rivotril-stazione-centrale.html
07 febbraio 2020,13:50,MilanoToday,Piazza Duca d'Aosta,furti,https://www.milanotoday.it/cronaca/furto-mcdonald-centrale-arrestato.html
14 gennaio 2020,15:49,MilanoToday,Piazza Duca d'Aosta,"furti,arresti",https://www.milanotoday.it/cronaca/furto-91-ladre-incinte.html
24 dicembre 2019,15:36,MilanoToday,Piazza Duca d'Aosta,rapine,https://www.milanotoday.it/cronaca/rapina-bottiglia-stazione-centrale.html
18 dicembre 2019,14:36,MilanoToday,Piazza Duca d'Aosta,furti,https://www.milanotoday.it/cronaca/furti--arresti-stazione-.html
10 dicembre 2019,15:03,MilanoToday,Piazza Duca d'Aosta,"furti,arresti",https://www.milanotoday.it/zone/loreto/stazione-centrale/arrestata-ladra-incinta-ricercata.html
02 dicembre 2019,14:53,MilanoToday,Piazza Duca d'Aosta,"furti,arresti",https://www.milanotoday.it/zone/loreto/stazione-centrale/ladra-incinta-turiste-rapina.html
27 novembre 2019,08:52,MilanoToday,Piazza Duca d'Aosta,"indagini,aggressioni",https://www.milanotoday.it/zone/loreto/stazione-centrale/accoltellato-faccia.html
13 novembre 2019,16:50,MilanoToday,Piazza Duca d'Aosta,"furti,arresti",https://www.milanotoday.it/zone/loreto/stazione-centrale/arrestata-ricercata-furti.html
11 novembre 2019,15:29,MilanoToday,Piazza Duca d'Aosta,arresti,https://www.milanotoday.it/cronaca/arresti-rapine-stazione-centrale.html
08 novembre 2019,10:08,MilanoToday,Piazza Duca d'Aosta,rapine,https://www.milanotoday.it/zone/loreto/stazione-centrale/rapina-duca-aosta-alert-carta-credito.html
31 ottobre 2019,13:18,MilanoToday,Piazza Duca d'Aosta,arresti,https://www.milanotoday.it/cronaca/spacciatore-duca-aosta-arrestato.html
25 ottobre 2019,13:09,MilanoToday,Piazza Duca d'Aosta,arresti,https://www.milanotoday.it/cronaca/arrestati-tratta-migranti-monaco-baviera.html
22 ottobre 2019,17:37,MilanoToday,Piazza Duca d'Aosta,"furti,arresti",https://www.milanotoday.it/cronaca/furti-bagagli-stazione-finto-trolley.html
19 ottobre 2019,15:09,MilanoToday,Piazza Duca d'Aosta,droga,https://www.milanotoday.it/zone/loreto/stazione-centrale/ovuli-droga-.html
16 ottobre 2019,09:27,MilanoToday,Piazza Duca d'Aosta,"rapine,aggressioni",https://www.milanotoday.it/zone/loreto/stazione-centrale/rapina-punteruolo-telefono.html
14 ottobre 2019,12:58,MilanoToday,Piazza Duca d'Aosta,droga,https://www.milanotoday.it/cronaca/ingoia-ovuli-eroina.html
10 ottobre 2019,17:20,MilanoToday,Piazza Duca d'Aosta,indagini,https://www.milanotoday.it/cronaca/truffa-diamante-soldi-falsi-gallia.html
08 ottobre 2019,15:33,MilanoToday,Piazza Duca d'Aosta,"furti,arresti",https://www.milanotoday.it/zone/loreto/stazione-centrale/furto-telefono-estorsione-bagni.html
08 ottobre 2019,15:12,MilanoToday,Piazza Duca d'Aosta,furti,https://www.milanotoday.it/cronaca/pio-amedeo-ladra.html
30 settembre 2019,12:25,MilanoToday,Piazza Duca d'Aosta,aggressioni,https://www.milanotoday.it/cronaca/accoltellato-stazione-rissa.html
22 settembre 2019,10:57,MilanoToday,Piazza Duca d'Aosta,aggressioni,https://www.milanotoday.it/cronaca/accoltellata-donna-incinta-.html
19 settembre 2019,13:33,MilanoToday,Piazza Duca d'Aosta,aggressioni,https://www.milanotoday.it/cronaca/poliziotti-picchiati-via-gioia.html
26 agosto 2019,14:09,MilanoToday,Piazza Duca d'Aosta,"droga,arresti",https://www.milanotoday.it/cronaca/spacciatori-arrestati-week-end-droga.html
16 agosto 2019,15:16,MilanoToday,Piazza Duca d'Aosta,furti,https://www.milanotoday.it/zone/loreto/stazione-centrale/skimmer-carte-credito-macchinette-biglietti.html
14 agosto 2019,13:45,MilanoToday,Piazza Duca d'Aosta,"rapine,aggressioni",https://www.milanotoday.it/cronaca/accoltellato-rapina-stazione-centrale.html
02 agosto 2019,16:54,MilanoToday,Piazza Duca d'Aosta,"furti,arresti",https://www.milanotoday.it/cronaca/arresto-ladre-metro-mappa.html
01 agosto 2019,08:16,MilanoToday,Piazza Duca d'Aosta,rapine,https://www.milanotoday.it/cronaca/rapina-linciaggio-stazione.html
31 luglio 2019,16:28,MilanoToday,Piazza Duca d'Aosta,arresti,https://www.milanotoday.it/cronaca/arresto-finto-invalido.html
22 luglio 2019,14:00,MilanoToday,Piazza Duca d'Aosta,arresti,https://www.milanotoday.it/zone/loreto/stazione-centrale/pizzo-estorsione-venditori-abusivi.html
20 luglio 2019,13:35,MilanoToday,Piazza Duca d'Aosta,"rapine,furti,arresti,aggressioni",https://www.milanotoday.it/cronaca/rapinatore-senza-gambe-stazione.html
11 giugno 2019,13:08,MilanoToday,Piazza Duca d'Aosta,"furti,arresti",https://www.milanotoday.it/zone/loreto/stazione-centrale/arresto-ladre-incinte-metro.html
07 giugno 2019,14:01,MilanoToday,Piazza Duca d'Aosta,"rapine,arresti",https://www.milanotoday.it/cronaca/rapinatore-senza-gambe.html
31 maggio 2019,12:49,MilanoToday,Piazza Duca d'Aosta,arresti,https://www.milanotoday.it/cronaca/arresto-centrale--.html
26 maggio 2019,13:25,MilanoToday,Piazza Duca d'Aosta,"arresti,aggressioni",https://www.milanotoday.it/cronaca/picchia-poliziotto-pistola.html
29 aprile 2019,09:37,MilanoToday,Piazza Duca d'Aosta,"furti,arresti",https://www.milanotoday.it/zone/loreto/stazione-centrale/furto-binari-ladro.html
18 aprile 2019,15:39,MilanoToday,Piazza Duca d'Aosta,"droga,arresti",https://www.milanotoday.it/zone/loreto/stazione-centrale/arrestato-mangia-droga.html
10 aprile 2019,18:24,MilanoToday,Piazza Duca d'Aosta,furti,https://www.milanotoday.it/cronaca/rubano-monopattino-stazione.html
03 aprile 2019,17:54,MilanoToday,Piazza Duca d'Aosta,arresti,https://www.milanotoday.it/cronaca/arrestata-ricercata-ladra-stazione.html
28 marzo 2019,14:01,MilanoToday,Piazza Duca d'Aosta,"droga,arresti",https://www.milanotoday.it/zone/loreto/stazione-centrale/arresto-spaccio-rissa.html
08 marzo 2019,14:01,MilanoToday,Piazza Duca d'Aosta,"arresti,aggressioni",https://www.milanotoday.it/cronaca/accoltellati-stazione-centrale.html
16 febbraio 2019,14:00,MilanoToday,Piazza Duca d'Aosta,"arresti,aggressioni",https://www.milanotoday.it/zone/loreto/stazione-centrale/arrestato-aggredisce-agenti.html
16 febbraio 2019,09:32,MilanoToday,Piazza Duca d'Aosta,"droga,aggressioni",https://www.milanotoday.it/zone/loreto/stazione-centrale/salvo-veneziano-gf-aggredito.html
10 febbraio 2019,19:10,MilanoToday,Piazza Duca d'Aosta,droga,https://www.milanotoday.it/zone/loreto/stazione-centrale/spaccio-arrestata-duca-aosta.html
08 febbraio 2019,14:16,MilanoToday,Piazza Duca d'Aosta,"droga,arresti",https://www.milanotoday.it/zone/niguarda/isola-garibaldi/arrestato-spaccio-sotto-bosco-verticale.html
07 febbraio 2019,14:49,MilanoToday,Piazza Duca d'Aosta,"rapine,arresti",https://www.milanotoday.it/zone/loreto/stazione-centrale/arrestato-violenza-sessuale-escort-verbania.html
05 febbraio 2019,12:54,MilanoToday,Piazza Duca d'Aosta,"arresti,aggressioni",https://www.milanotoday.it/zone/loreto/stazione-centrale/arrestato-spranga-poliziotto.html
22 gennaio 2019,08:47,MilanoToday,Piazza Duca d'Aosta,"droga,aggressioni",https://www.milanotoday.it/cronaca/brumotti-aggredito-video.html
21 gennaio 2019,17:27,MilanoToday,Piazza Duca d'Aosta,droga,https://www.milanotoday.it/cronaca/brumotti-aggredito-stazione.html
07 gennaio 2019,16:42,MilanoToday,Piazza Duca d'Aosta,arresti,https://www.milanotoday.it/zone/loreto/stazione-centrale/arresti-.html
07 gennaio 2019,14:59,MilanoToday,Piazza Duca d'Aosta,"rapine,arresti",https://www.milanotoday.it/zone/loreto/stazione-centrale/rapina-anziani-.html
03 gennaio 2019,13:07,MilanoToday,Piazza Duca d'Aosta,droga,https://www.milanotoday.it/zone/loreto/stazione-centrale/spaccio-duca-aosta-2-gennaio-2019.html
27 dicembre 2018,13:49,MilanoToday,Piazza Duca d'Aosta,droga,https://www.milanotoday.it/cronaca/spaccio-arresti-26-dicembre-2018.html
19 dicembre 2018,13:44,MilanoToday,Piazza Duca d'Aosta,arresti,https://www.milanotoday.it/zone/loreto/stazione-centrale/rissa-oggi-arresti.html
18 dicembre 2018,08:52,MilanoToday,Piazza Duca d'Aosta,morti,https://www.milanotoday.it/zone/barona/porta-genova/clochard-morto-stazione.html
29 novembre 2018,09:56,MilanoToday,Piazza Duca d'Aosta,arresti,https://www.milanotoday.it/zone/loreto/stazione-centrale/ragazza-molestata-libero-violenza-sessuale.html
28 novembre 2018,18:48,MilanoToday,Piazza Duca d'Aosta,"arresti,aggressioni",https://www.milanotoday.it/cronaca/ragazza-aggredita-metro-scarcerato.html
26 novembre 2018,13:34,MilanoToday,Piazza Duca d'Aosta,"arresti,aggressioni",https://www.milanotoday.it/zone/loreto/stazione-centrale/ragazza-aggredita-molestata-metro.html
12 novembre 2018,13:01,MilanoToday,Piazza Duca d'Aosta,arresti,https://www.milanotoday.it/zone/loreto/stazione-centrale/ladre-arrestate-.html
29 ottobre 2018,18:02,MilanoToday,Piazza Duca d'Aosta,furti,https://www.milanotoday.it/zone/loreto/stazione-centrale/furti-stazione-arresti.html
13 ottobre 2018,14:32,MilanoToday,Piazza Duca d'Aosta,furti,https://www.milanotoday.it/zone/loreto/stazione-centrale/arrestata-stazione-furti-condanna.html
01 ottobre 2018,08:12,MilanoToday,Piazza Duca d'Aosta,furti,https://www.milanotoday.it/zone/loreto/stazione-centrale/furto-zaini-turisti.html
24 settembre 2018,21:30,MilanoToday,Piazza Duca d'Aosta,droga,https://www.milanotoday.it/video/controlli-oggi-stazione.html
18 settembre 2018,17:05,MilanoToday,Piazza Duca d'Aosta,arresti,https://www.milanotoday.it/zone/loreto/stazione-centrale/arrestato-biglietti-soldi.html
04 settembre 2018,13:09,MilanoToday,Piazza Duca d'Aosta,aggressioni,https://www.milanotoday.it/zone/loreto/stazione-centrale/accoltellato-cavatappi.html
31 agosto 2018,15:00,MilanoToday,Piazza Duca d'Aosta,arresti,https://www.milanotoday.it/cronaca/arresto-stazione-centrale.html
27 agosto 2018,16:24,MilanoToday,Piazza Duca d'Aosta,furti,https://www.milanotoday.it/zone/loreto/stazione-centrale/furto-ascensore.html
24 agosto 2018,13:14,MilanoToday,Piazza Duca d'Aosta,aggressioni,https://www.milanotoday.it/zone/loreto/stazione-centrale/addetto-atm-picchiato.html
24 luglio 2018,08:55,MilanoToday,Piazza Duca d'Aosta,indagini,https://www.milanotoday.it/cronaca/leghista-pistola-stazione-centrale.html
13 luglio 2018,11:45,MilanoToday,Piazza Duca d'Aosta,"furti,arresti",https://www.milanotoday.it/cronaca/furto-turisti-stazione-centrale.html
26 giugno 2018,16:04,MilanoToday,Piazza Duca d'Aosta,arresti,https://www.milanotoday.it/zone/loreto/stazione-centrale/arresto-duca-d-aosta.html
23 giugno 2018,09:30,MilanoToday,Piazza Duca d'Aosta,"furti,arresti",https://www.milanotoday.it/zone/loreto/stazione-centrale/inseguimento-arresto-stazione.html
11 giugno 2018,09:09,MilanoToday,Piazza Duca d'Aosta,aggressioni,https://www.milanotoday.it/video/autista-ncc-aggredito-tassisti.html
10 giugno 2018,18:57,MilanoToday,Piazza Duca d'Aosta,incidenti,https://www.milanotoday.it/cronaca/perde-cellulare-precipita-grata.html
04 giugno 2018,16:46,MilanoToday,Piazza Duca d'Aosta,"furti,arresti,aggressioni",https://www.milanotoday.it/zone/loreto/stazione-centrale/arresti-sabato-domenica.html
16 maggio 2018,17:35,MilanoToday,Piazza Duca d'Aosta,furti,https://www.milanotoday.it/zone/loreto/stazione-centrale/furto-rom-15-maggio.html
30 aprile 2018,11:45,MilanoToday,Piazza Duca d'Aosta,rapine,https://www.milanotoday.it/cronaca/omicidi-rapine-fermo-convalidato.html
09 aprile 2018,10:47,MilanoToday,Piazza Duca d'Aosta,"furti,arresti",https://www.milanotoday.it/zone/loreto/stazione-centrale/arresto-metro-incinte.html
04 aprile 2018,13:28,MilanoToday,Piazza Duca d'Aosta,rapine,https://www.milanotoday.it/zone/loreto/stazione-centrale/rapina-duca-aosta-4-aprile-2018.html
30 marzo 2018,13:54,MilanoToday,Piazza Duca d'Aosta,droga,https://www.milanotoday.it/zone/loreto/stazione-centrale/lanci-bottiglie-polizia-arresti.html
02 marzo 2018,12:34,MilanoToday,Piazza Duca d'Aosta,aggressioni,https://www.milanotoday.it/cronaca/hosni-condanna.html
09 febbraio 2018,19:06,MilanoToday,Piazza Duca d'Aosta,indagini,https://www.milanotoday.it/cronaca/morte-pamela-ragazzo.html
08 febbraio 2018,15:48,MilanoToday,Piazza Duca d'Aosta,"droga,arresti",https://www.milanotoday.it/zone/loreto/stazione-centrale/spaccio-arresti-duca-aosta.html
08 febbraio 2018,12:38,MilanoToday,Piazza Duca d'Aosta,aggressioni,https://www.milanotoday.it/cronaca/richiesta-carcere-hosni.html
21 gennaio 2018,13:34,MilanoToday,Piazza Duca d'Aosta,droga,https://www.milanotoday.it/zone/loreto/stazione-centrale/droga-cestino.html
11 gennaio 2018,09:06,MilanoToday,Piazza Duca d'Aosta,"rapine,arresti,aggressioni",https://www.milanotoday.it/cronaca/rapina-treno-piacenza.html
10 gennaio 2018,15:41,MilanoToday,Piazza Duca d'Aosta,droga,https://www.milanotoday.it/zone/loreto/stazione-centrale/spaccio-cocaina-carta.html
Date,Time,Source,Street,Tags,Link
05 ottobre 2021,12:48,MilanoToday,Via Messina,indagini,https://www.milanotoday.it/cronaca/aereo-caduto-indagini.html
29 settembre 2021,12:40,MilanoToday,Via Messina,incidenti,https://www.milanotoday.it/cronaca/incidente-stradale/persona-investita-via-messina.html
13 luglio 2021,14:40,MilanoToday,Via Messina,incidenti,https://www.milanotoday.it/cronaca/incidente-stradale/ribaltamento-via-messina.html
04 maggio 2021,15:43,MilanoToday,Via Messina,aggressioni,https://www.milanotoday.it/cronaca/cane-morde-donna-lite.html
28 dicembre 2020,08:57,MilanoToday,Via Messina,incidenti,https://www.milanotoday.it/cronaca/neve-traliccio-cade-ferita-via-sanzio.html
11 settembre 2020,12:23,MilanoToday,Via Messina,"rapine,arresti",https://www.milanotoday.it/cronaca/rapina-gioielliere-duchini-fischer.html
10 settembre 2020,08:20,MilanoToday,Via Messina,incidenti,https://www.milanotoday.it/cronaca/incidente-stradale/via-emilia-san-giuliano-milanese-10-settembre-2020.html
02 settembre 2020,15:22,MilanoToday,Via Messina,rapine,https://www.milanotoday.it/cronaca/rapina-vigevano-picchia-donna.html
28 aprile 2020,12:46,MilanoToday,Via Messina,incidenti-stradali,https://www.milanotoday.it/cronaca/incidente-stradale/via-primaticcio-ribaltamento.html
10 gennaio 2020,08:36,MilanoToday,Via Messina,incidenti-stradali,https://www.milanotoday.it/cronaca/incidente-stradale/abbiategrasso-via-dante-elisoccorso.html
09 dicembre 2019,17:43,MilanoToday,Via Messina,"droga,arresti",https://www.milanotoday.it/cronaca/cocaina-buccinasco-focus-air-bag.html
01 luglio 2019,16:09,MilanoToday,Via Messina,arresti,https://www.milanotoday.it/cronaca/arrestato-imprenditore-caso-arata.html
02 maggio 2019,08:05,MilanoToday,Via Messina,incidenti,https://www.milanotoday.it/cronaca/incidente-stradale/viale-romagna-moretto-da-brescia.html
15 dicembre 2018,09:48,MilanoToday,Via Messina,incidenti-stradali,https://www.milanotoday.it/cronaca/incidente-stradale/via-bergamo-ribaltata.html
20 ottobre 2018,12:09,MilanoToday,Via Messina,incidenti-stradali,https://www.milanotoday.it/cronaca/incidente-stradale/via-marescalchi-stanotte.html
10 ottobre 2018,15:13,MilanoToday,Via Messina,furti,https://www.milanotoday.it/cronaca/furto-gioielleria-sarpi-showroom.html
31 luglio 2018,09:17,MilanoToday,Via Messina,incidenti-stradali,https://www.milanotoday.it/cronaca/auto-ribaltata-vignate.html
30 giugno 2018,23:28,MilanoToday,Via Messina,incidenti-stradali,https://www.milanotoday.it/cronaca/incidente-stradale/via-silva-.html
07 gennaio 2018,09:32,MilanoToday,Via Messina,incidenti-stradali,https://www.milanotoday.it/cronaca/incidente-stradale/_morta-ragazza-milano-meda_.html
Date,Time,Source,Street,Tags,Link
24 agosto 2021,11:51,MilanoToday,Via Paolo Sarpi,incidenti,https://www.milanotoday.it/cronaca/incidente-stradale/via-canonica-ciclista-grave.html
21 luglio 2021,12:16,MilanoToday,Via Paolo Sarpi,morti,https://www.milanotoday.it/cronaca/uomo_morto-via-canonica.html
21 maggio 2021,09:24,MilanoToday,Via Paolo Sarpi,incidenti,https://www.milanotoday.it/cronaca/incidente-stradale/via-lomazzo-auto.html
12 dicembre 2020,10:04,MilanoToday,Via Paolo Sarpi,arresti,https://www.milanotoday.it/video/droga-whatsapp-domicilio.html
12 dicembre 2020,09:02,MilanoToday,Via Paolo Sarpi,"droga,arresti",https://www.milanotoday.it/cronaca/droga-whatsapp-arresti.html
12 novembre 2020,13:33,MilanoToday,Via Paolo Sarpi,morti,https://www.milanotoday.it/attualita/coronavirus/morto-berni-fornaio-sarpi.html
25 gennaio 2020,15:32,MilanoToday,Via Paolo Sarpi,incidenti-stradali,https://www.milanotoday.it/cronaca/incidente-stradale/auto-tram-bramante.html
06 novembre 2019,16:55,MilanoToday,Via Paolo Sarpi,aggressioni,https://www.milanotoday.it/zone/paolo-sarpi-chinatown/aggressione-lite-locale.html
25 maggio 2019,15:12,MilanoToday,Via Paolo Sarpi,"droga,arresti",https://www.milanotoday.it/zone/paolo-sarpi-chinatown/arresti-ecstasy-rolex-ketamina.html
27 febbraio 2019,14:21,MilanoToday,Via Paolo Sarpi,arresti,https://www.milanotoday.it/cronaca/picchia-mamma-droga-arrestato.html
05 febbraio 2019,13:36,MilanoToday,Via Paolo Sarpi,aggressioni,https://www.milanotoday.it/zone/paolo-sarpi-chinatown/rissa-stanotte-arresti.html
10 ottobre 2018,15:13,MilanoToday,Via Paolo Sarpi,furti,https://www.milanotoday.it/cronaca/furto-gioielleria-sarpi-showroom.html
19 settembre 2018,18:36,MilanoToday,Via Paolo Sarpi,droga,https://www.milanotoday.it/cronaca/shaboo-minorenne-arrestato-cenisio.html
Date,Time,Source,Street,Tags,Link
08 settembre 2019,16:22,MilanoToday,Viale Pasubio,rapine,https://www.milanotoday.it/zone/niguarda/porta-nuova/rapina-pausbio-collana.html
02 dicembre 2018,13:07,MilanoToday,Viale Pasubio,rapine,https://www.milanotoday.it/cronaca/rapine-stanotte.html
Date,Time,Source,Street,Tags,Link
23 gennaio 2020,13:31,MilanoToday,Piazza 25 Aprile,"arresti,aggressioni",https://www.milanotoday.it/cronaca/picchia-donne-cani-greco.html
26 dicembre 2019,19:01,MilanoToday,Piazza 25 Aprile,morti,https://www.milanotoday.it/politica/morto-lucio-berte.html
08 agosto 2019,17:05,MilanoToday,Piazza 25 Aprile,morti,https://www.milanotoday.it/economia/morto-ministro-saccomanni.html
29 aprile 2019,08:26,MilanoToday,Piazza 25 Aprile,morti,https://www.milanotoday.it/cronaca/morto-libero-traversa.html
04 gennaio 2019,09:17,MilanoToday,Piazza 25 Aprile,morti,https://www.milanotoday.it/cronaca/morta-via-lulli-eredita.html
Date,Time,Source,Street,Tags,Link
10 ottobre 2021,17:54,MilanoToday,Viale Monte Grappa,"rapine,furti",https://www.milanotoday.it/cronaca/rapina-viale-monte-grappa.html
09 giugno 2018,13:57,MilanoToday,Viale Monte Grappa,arresti,https://www.milanotoday.it/cronaca/armato-stazione-sesto.html
Date,Time,Source,Street,Tags,Link
15 marzo 2020,13:55,MilanoToday,Piazza Luigi Einaudi,morti,https://www.milanotoday.it/attualita/coronavirus/architetto-vittorio-gregotti-morto.html
20 dicembre 2018,18:07,MilanoToday,Piazza Luigi Einaudi,morti,https://www.milanotoday.it/cronaca/morto-pinketts.html
Date,Time,Source,Street,Tags,Link
21 ottobre 2021,13:26,MilanoToday,Corso Buenos Aires,rapine,https://www.milanotoday.it/cronaca/rapina-via-marocco-20-ottobre-2021.html
29 settembre 2021,12:17,MilanoToday,Corso Buenos Aires,arresti,https://www.milanotoday.it/cronaca/ragazza-molestata-via-benedetto-marcello.html
22 settembre 2021,17:20,MilanoToday,Corso Buenos Aires,"morti,incidenti",https://www.milanotoday.it/cronaca/morta-corso-buenos-aires-lima-plinio.html
05 settembre 2021,12:43,MilanoToday,Corso Buenos Aires,"furti,arresti",https://www.milanotoday.it/cronaca/ladra-furti-corso-buenos-aires.html
31 agosto 2021,12:46,MilanoToday,Corso Buenos Aires,"indagini,rapine",https://www.milanotoday.it/cronaca/accoltellato-via-boscovich-cellulare.html
17 agosto 2021,15:38,MilanoToday,Corso Buenos Aires,"droga,furti",https://www.milanotoday.it/cronaca/daspo-corso-buenos-aires-duomo.html
11 agosto 2021,16:13,MilanoToday,Corso Buenos Aires,furti,https://www.milanotoday.it/zone/loreto/furto-buenos-aires-10-agosto-2021.html
15 luglio 2021,12:34,MilanoToday,Corso Buenos Aires,furti,https://www.milanotoday.it/cronaca/furto-mango-borsa-schermata.html
28 giugno 2021,13:31,MilanoToday,Corso Buenos Aires,"furti,arresti",https://www.milanotoday.it/cronaca/arrestato-portafogli-telefoni-rubati.html
04 giugno 2021,14:31,MilanoToday,Corso Buenos Aires,"incidenti-stradali,arresti",https://www.milanotoday.it/cronaca/inseguimento-montenapoleone-ieri.html
19 aprile 2021,14:46,MilanoToday,Corso Buenos Aires,"furti,arresti",https://www.milanotoday.it/cronaca/furti-auto-milano-arresti.html
16 aprile 2021,13:50,MilanoToday,Corso Buenos Aires,furti,https://www.milanotoday.it/cronaca/furto-zaini-ambulanza-monteverdi.html
16 marzo 2021,08:27,MilanoToday,Corso Buenos Aires,"furti,arresti",https://www.milanotoday.it/cronaca/tentato-furto-motorino-via-ponchielli.html
21 dicembre 2020,07:01,MilanoToday,Corso Buenos Aires,"droga,arresti",https://www.milanotoday.it/cronaca/droga-spaccio-liberati-arresti.html
30 ottobre 2020,07:50,MilanoToday,Corso Buenos Aires,incidenti-stradali,https://www.milanotoday.it/cronaca/incidente-stradale/incidente-auto-polizia-piazza-argentina.html
16 settembre 2020,09:34,MilanoToday,Corso Buenos Aires,incidenti-stradali,https://www.milanotoday.it/cronaca/incidente-stradale/auto-moto-corso-venezia.html
27 agosto 2020,07:45,MilanoToday,Corso Buenos Aires,incidenti-stradali,https://www.milanotoday.it/cronaca/incidente-stradale/corso-buenos-aires-moto-bus.html
21 agosto 2020,09:45,MilanoToday,Corso Buenos Aires,incidenti,https://www.milanotoday.it/cronaca/incidente-stradale/monopattino-moto-buenos-aires.html
27 luglio 2020,08:49,MilanoToday,Corso Buenos Aires,"rapine,arresti",https://www.milanotoday.it/cronaca/fidanzati-rapinati-nove-arresti.html
24 giugno 2020,07:44,MilanoToday,Corso Buenos Aires,"incidenti-stradali,morti",https://www.milanotoday.it/cronaca/incidente-stradale/morto-investito-via-masera.html
23 giugno 2020,17:05,MilanoToday,Corso Buenos Aires,incidenti,https://www.milanotoday.it/cronaca/incidente-stradale/pedone-investito_via-masera.html
12 giugno 2020,14:48,MilanoToday,Corso Buenos Aires,rapine,https://www.milanotoday.it/cronaca/rapina-via-benedetto-marcello.html
04 giugno 2020,13:44,MilanoToday,Corso Buenos Aires,"droga,arresti",https://www.milanotoday.it/cronaca/arrestato-audi-corso-buenos-aires.html
04 marzo 2020,15:48,MilanoToday,Corso Buenos Aires,"furti,arresti",https://www.milanotoday.it/cronaca/arrestato-ladro-nascosto-corso-buenos-aires.html
25 febbraio 2020,19:00,MilanoToday,Corso Buenos Aires,droga,https://www.milanotoday.it/cronaca/droga-nascosta-pasta.html
12 dicembre 2019,18:52,MilanoToday,Corso Buenos Aires,droga,https://www.milanotoday.it/cronaca/droga-ovetti-sorpresa.html
24 ottobre 2019,08:52,MilanoToday,Corso Buenos Aires,"droga,arresti",https://www.milanotoday.it/cronaca/arrestato-spaccio-polo.html
31 agosto 2019,12:21,MilanoToday,Corso Buenos Aires,aggressioni,https://www.milanotoday.it/cronaca/tommaso-zorsi-aggredito.html
28 agosto 2019,16:20,MilanoToday,Corso Buenos Aires,"droga,arresti",https://www.milanotoday.it/cronaca/arrestati-fidanzati-cocaina-centro.html
14 agosto 2019,15:08,MilanoToday,Corso Buenos Aires,"furti,arresti",https://www.milanotoday.it/cronaca/arrestato-scippo-orologio-400mila-euro.html
11 luglio 2019,14:04,MilanoToday,Corso Buenos Aires,rapine,https://www.milanotoday.it/cronaca/rapina-martello-farmacia-zara-.html
23 aprile 2019,13:44,MilanoToday,Corso Buenos Aires,"arresti,aggressioni",https://www.milanotoday.it/cronaca/martello-metro-vetrine-arrestato.html
17 marzo 2019,13:36,MilanoToday,Corso Buenos Aires,rapine,https://www.milanotoday.it/zone/loreto/stazione-centrale/rapina-via-lazzaretto-venini.html
17 marzo 2019,12:15,MilanoToday,Corso Buenos Aires,rapine,https://www.milanotoday.it/cronaca/rapine-corso-como-stazione.html
13 marzo 2019,13:34,MilanoToday,Corso Buenos Aires,droga,https://www.milanotoday.it/cronaca/arresti-eroina-porta-venezia.html
01 marzo 2019,11:02,MilanoToday,Corso Buenos Aires,aggressioni,https://www.milanotoday.it/politica/pipi-gazebo-decorato-condanna--.html
24 febbraio 2019,11:16,MilanoToday,Corso Buenos Aires,incidenti-stradali,https://www.milanotoday.it/cronaca/incidente-stradale/buenos-aires-domenica-24-febbraio.html
31 gennaio 2019,12:53,MilanoToday,Corso Buenos Aires,arresti,https://www.milanotoday.it/zone/lambrate/porta-venezia/ruba-pipi-upim.html
24 novembre 2018,21:24,MilanoToday,Corso Buenos Aires,furti,https://www.milanotoday.it/zone/lambrate/porta-venezia/rapine-farmacie-buenos-aires.html
27 ottobre 2018,18:04,MilanoToday,Corso Buenos Aires,incidenti-stradali,https://www.milanotoday.it/cronaca/incidente-stradale/pirata-strada-loreto-chi-e.html
27 ottobre 2018,09:22,MilanoToday,Corso Buenos Aires,incidenti-stradali,https://www.milanotoday.it/video/motorini-pirata-loreto.html
27 ottobre 2018,09:13,MilanoToday,Corso Buenos Aires,incidenti-stradali,https://www.milanotoday.it/cronaca/incidente-stradale/scooter-loreto-pirata-strada.html
23 agosto 2018,16:41,MilanoToday,Corso Buenos Aires,"furti,arresti",https://www.milanotoday.it/zone/lambrate/porta-venezia/furto-arresto-buenos-aires.html
29 maggio 2018,09:15,MilanoToday,Corso Buenos Aires,incidenti-stradali,https://www.milanotoday.it/cronaca/incidente-stradale/investito-via-scarlatti.html
24 maggio 2018,15:33,MilanoToday,Corso Buenos Aires,"droga,arresti",https://www.milanotoday.it/cronaca/spaccio-cocaina-taxi.html
23 aprile 2018,09:00,MilanoToday,Corso Buenos Aires,"rapine,furti,arresti",https://www.milanotoday.it/cronaca/arresti-salone-mobile.html
16 marzo 2018,15:38,MilanoToday,Corso Buenos Aires,"rapine,arresti",https://www.milanotoday.it/cronaca/rapina-rolex-arresti.html
12 febbraio 2018,15:09,MilanoToday,Corso Buenos Aires,rapine,https://www.milanotoday.it/zone/loreto/stazione-centrale/-rapina-arrestati-gemelli-egiziani.html
21 gennaio 2018,14:57,MilanoToday,Corso Buenos Aires,rapine,https://www.milanotoday.it/zone/lambrate/porta-venezia/rapina-upim_.html
Date,Time,Source,Street,Tags,Link
19 gennaio 2018,14:01,MilanoToday,Corso Giacomo Matteotti,furti,https://www.milanotoday.it/zone/centro/montenapoleone/furto-hogan-corso-matteotti.html
Date,Time,Source,Street,Tags,Link
20 ottobre 2021,13:07,MilanoToday,Corso Venezia,"rapine,arresti,aggressioni",https://www.milanotoday.it/cronaca/rapina-corso-venezia-arresti.html
18 ottobre 2021,11:21,MilanoToday,Corso Venezia,furti,https://www.milanotoday.it/cronaca/furto-casa-chiara-biasi.html
27 settembre 2021,14:12,MilanoToday,Corso Venezia,"rapine,arresti",https://www.milanotoday.it/cronaca/arresti-rapine-orologi-movida.html
22 settembre 2021,17:20,MilanoToday,Corso Venezia,"morti,incidenti",https://www.milanotoday.it/cronaca/morta-corso-buenos-aires-lima-plinio.html
09 settembre 2021,08:52,MilanoToday,Corso Venezia,indagini,https://www.milanotoday.it/cronaca/no-greenpass-perquisizioni.html
05 settembre 2021,12:43,MilanoToday,Corso Venezia,"furti,arresti",https://www.milanotoday.it/cronaca/ladra-furti-corso-buenos-aires.html
11 agosto 2021,16:13,MilanoToday,Corso Venezia,furti,https://www.milanotoday.it/zone/loreto/furto-buenos-aires-10-agosto-2021.html
02 agosto 2021,13:12,MilanoToday,Corso Venezia,"rapine,furti",https://www.milanotoday.it/video/ordinanza-movida.html
15 luglio 2021,12:34,MilanoToday,Corso Venezia,furti,https://www.milanotoday.it/cronaca/furto-mango-borsa-schermata.html
12 luglio 2021,14:00,MilanoToday,Corso Venezia,rapine,https://www.milanotoday.it/cronaca/rapina-rolex-lazzaretto.html
14 giugno 2021,17:10,MilanoToday,Corso Venezia,droga,https://www.milanotoday.it/cronaca/traffico-droga-pakistan.html
04 giugno 2021,15:35,MilanoToday,Corso Venezia,arresti,https://www.milanotoday.it/cronaca/arresti-cologno-spari-droga.html
09 marzo 2021,15:47,MilanoToday,Corso Venezia,arresti,https://www.milanotoday.it/cronaca/orologi-calciatori-gioielleria-mafia-fontana.html
04 marzo 2021,13:55,MilanoToday,Corso Venezia,arresti,https://www.milanotoday.it/cronaca/milanese-minacciata-foto-hot.html
23 dicembre 2020,13:15,MilanoToday,Corso Venezia,"rapine,furti",https://www.milanotoday.it/video/rapinatori-perquisiti-polizia.html
31 ottobre 2020,12:49,MilanoToday,Corso Venezia,"droga,arresti",https://www.milanotoday.it/cronaca/arresti-droga-polizia-.html
28 ottobre 2020,08:46,MilanoToday,Corso Venezia,arresti,https://www.milanotoday.it/cronaca/ragazza-cade-finestra-rapina.html
16 settembre 2020,09:34,MilanoToday,Corso Venezia,incidenti-stradali,https://www.milanotoday.it/cronaca/incidente-stradale/auto-moto-corso-venezia.html
02 settembre 2020,09:50,MilanoToday,Corso Venezia,morti,https://www.milanotoday.it/attualita/morto-daverio.html
28 agosto 2020,13:44,MilanoToday,Corso Venezia,droga,https://www.milanotoday.it/cronaca/tabaccaio-arrestato-bicocca.html
27 agosto 2020,12:16,MilanoToday,Corso Venezia,droga,https://www.milanotoday.it/cronaca/pusher-ingoia-cocaina-arrestato.html
27 agosto 2020,07:45,MilanoToday,Corso Venezia,incidenti-stradali,https://www.milanotoday.it/cronaca/incidente-stradale/corso-buenos-aires-moto-bus.html
21 agosto 2020,09:45,MilanoToday,Corso Venezia,incidenti,https://www.milanotoday.it/cronaca/incidente-stradale/monopattino-moto-buenos-aires.html
23 giugno 2020,17:05,MilanoToday,Corso Venezia,incidenti,https://www.milanotoday.it/cronaca/incidente-stradale/pedone-investito_via-masera.html
04 giugno 2020,13:44,MilanoToday,Corso Venezia,"droga,arresti",https://www.milanotoday.it/cronaca/arrestato-audi-corso-buenos-aires.html
03 giugno 2020,16:34,MilanoToday,Corso Venezia,"droga,aggressioni",https://www.milanotoday.it/cronaca/vittorio-brumotti-aggredito-corso-como.html
04 marzo 2020,15:48,MilanoToday,Corso Venezia,"furti,arresti",https://www.milanotoday.it/cronaca/arrestato-ladro-nascosto-corso-buenos-aires.html
10 febbraio 2020,09:11,MilanoToday,Corso Venezia,furti,https://www.milanotoday.it/cronaca/furto-metro-palestro-passeggero.html
23 ottobre 2019,16:09,MilanoToday,Corso Venezia,morti,https://www.milanotoday.it/cronaca/morto-matteo-sponza.html
23 settembre 2019,08:41,MilanoToday,Corso Venezia,incidenti-stradali,https://www.milanotoday.it/cronaca/incidente-stradale/teem-liscate.html
28 agosto 2019,16:20,MilanoToday,Corso Venezia,"droga,arresti",https://www.milanotoday.it/cronaca/arrestati-fidanzati-cocaina-centro.html
13 maggio 2019,09:28,MilanoToday,Corso Venezia,furti,https://www.milanotoday.it/zone/lambrate/porta-venezia/furto-imprenditore-corso-venezia.html
29 aprile 2019,08:26,MilanoToday,Corso Venezia,morti,https://www.milanotoday.it/cronaca/morto-libero-traversa.html
13 marzo 2019,13:34,MilanoToday,Corso Venezia,droga,https://www.milanotoday.it/cronaca/arresti-eroina-porta-venezia.html
24 febbraio 2019,11:16,MilanoToday,Corso Venezia,incidenti-stradali,https://www.milanotoday.it/cronaca/incidente-stradale/buenos-aires-domenica-24-febbraio.html
20 febbraio 2019,17:27,MilanoToday,Corso Venezia,"furti,arresti",https://www.milanotoday.it/zone/lambrate/porta-venezia/furto-ladri-mint-garden.html
19 febbraio 2019,13:00,MilanoToday,Corso Venezia,"droga,arresti",https://www.milanotoday.it/cronaca/spaccio-shaboo-via-lecco.html
08 febbraio 2019,16:55,MilanoToday,Corso Venezia,aggressioni,https://www.milanotoday.it/cronaca/ragazzo-picchiato-buttafuori-discoteca.html
08 febbraio 2019,16:53,MilanoToday,Corso Venezia,aggressioni,https://www.milanotoday.it/video/ragazzo-picchiato-discoteca-buttafuori-immagini.html
08 febbraio 2019,14:16,MilanoToday,Corso Venezia,"droga,arresti",https://www.milanotoday.it/zone/niguarda/isola-garibaldi/arrestato-spaccio-sotto-bosco-verticale.html
08 febbraio 2019,08:15,MilanoToday,Corso Venezia,arresti,https://www.milanotoday.it/zone/loreto/stazione-centrale/arresti-chiuso-touch-bangla-milano.html
31 gennaio 2019,12:53,MilanoToday,Corso Venezia,arresti,https://www.milanotoday.it/zone/lambrate/porta-venezia/ruba-pipi-upim.html
14 gennaio 2019,17:37,MilanoToday,Corso Venezia,rapine,https://www.milanotoday.it/zone/loreto/stazione-centrale/rapina-centrale-torcia-laser.html
06 dicembre 2018,05:51,MilanoToday,Corso Venezia,incidenti-stradali,https://www.milanotoday.it/cronaca/incidente-stradale/maurizio-bardiani-morto.html
30 novembre 2018,13:59,MilanoToday,Corso Venezia,"incidenti-stradali,morti",https://www.milanotoday.it/cronaca/incidente-stradale/morto-a4-agrate.html
12 novembre 2018,13:28,MilanoToday,Corso Venezia,"droga,arresti",https://www.milanotoday.it/zone/niguarda/porta-nuova/arresto-corso-como-cacciavite-droga.html
05 ottobre 2018,14:18,MilanoToday,Corso Venezia,"rapine,arresti",https://www.milanotoday.it/zone/centro/montenapoleone/rapina-dolce-gabbana.html
23 agosto 2018,16:41,MilanoToday,Corso Venezia,"furti,arresti",https://www.milanotoday.it/zone/lambrate/porta-venezia/furto-arresto-buenos-aires.html
01 agosto 2018,13:59,MilanoToday,Corso Venezia,incidenti-stradali,https://www.milanotoday.it/cronaca/incidente-stradale/a4-capriate-traffico.html
20 giugno 2018,13:04,MilanoToday,Corso Venezia,incidenti-stradali,https://www.milanotoday.it/attualita/mappa-incidenti-stradali.html
26 aprile 2018,13:15,MilanoToday,Corso Venezia,incidenti-stradali,https://www.milanotoday.it/cronaca/incidente-stradale/tamponamento-a4-rho.html
11 aprile 2018,19:31,MilanoToday,Corso Venezia,rapine,https://www.milanotoday.it/cronaca/finti-corrieri-arrestati-.html
08 febbraio 2018,15:48,MilanoToday,Corso Venezia,"droga,arresti",https://www.milanotoday.it/zone/loreto/stazione-centrale/spaccio-arresti-duca-aosta.html
21 gennaio 2018,14:57,MilanoToday,Corso Venezia,rapine,https://www.milanotoday.it/zone/lambrate/porta-venezia/rapina-upim_.html
Date,Time,Source,Street,Tags,Link
Date,Time,Source,Street,Tags,Link
Date,Time,Source,Street,Tags,Link
19 ottobre 2021,08:50,MilanoToday,Viale Enrico Forlanini,incidenti,https://www.milanotoday.it/cronaca/incidente-stradale/auto-ribaltata-viale-forlanini.html
16 febbraio 2021,10:16,MilanoToday,Viale Enrico Forlanini,arresti,https://www.milanotoday.it/cronaca/arrestati-linate-documenti-falsi.html
18 dicembre 2020,21:20,MilanoToday,Viale Enrico Forlanini,incidenti-stradali,https://www.milanotoday.it/cronaca/incidente-stradale/viale-forlanini-travolto-grave.html
27 novembre 2020,10:55,MilanoToday,Viale Enrico Forlanini,droga,https://www.milanotoday.it/cronaca/droga-olanda-italia-amsterdam-posta.html
23 settembre 2020,10:22,MilanoToday,Viale Enrico Forlanini,"droga,arresti",https://www.milanotoday.it/cronaca/cocaina-sud-america-voli.html
11 luglio 2020,11:11,MilanoToday,Viale Enrico Forlanini,incidenti-stradali,https://www.milanotoday.it/cronaca/incidente-stradale/scooter-viale-forlanini-coma-scappa.html
25 febbraio 2020,09:48,MilanoToday,Viale Enrico Forlanini,"droga,arresti",https://www.milanotoday.it/cronaca/ovuli-cocaina-amsterdam-linate.html
02 dicembre 2019,01:37,MilanoToday,Viale Enrico Forlanini,incidenti,https://www.milanotoday.it/social/segnalazioni/incidenti-stradali-segrate-viale-enrico-forlanini.html
23 ottobre 2019,08:41,MilanoToday,Viale Enrico Forlanini,"indagini,morti",https://www.milanotoday.it/cronaca/morto-linate-autopsia.html
02 ottobre 2019,13:48,MilanoToday,Viale Enrico Forlanini,"rapine,aggressioni",https://www.milanotoday.it/cronaca/rapina-passante-forlanini.html
17 settembre 2019,15:08,MilanoToday,Viale Enrico Forlanini,droga,https://www.milanotoday.it/cronaca/arresti-cocaina-viale-forlanini.html
01 luglio 2019,10:02,MilanoToday,Viale Enrico Forlanini,"droga,arresti",https://www.milanotoday.it/cronaca/cocaina-caffe-vestiti-linate.html
20 giugno 2019,08:35,MilanoToday,Viale Enrico Forlanini,"droga,arresti",https://www.milanotoday.it/cronaca/arrestato-linate-ovuli-cocaina.html
07 giugno 2019,14:16,MilanoToday,Viale Enrico Forlanini,"droga,arresti",https://www.milanotoday.it/cronaca/fermato-auto-arrestato-droga-segrate.html
12 aprile 2019,14:24,MilanoToday,Viale Enrico Forlanini,"incidenti-stradali,morti",https://www.milanotoday.it/cronaca/incidente-stradale/forlanini-morta-mariasole-calvanese.html
12 aprile 2019,10:15,MilanoToday,Viale Enrico Forlanini,incidenti-stradali,https://www.milanotoday.it/cronaca/incidente-stradale/linate-ribaltamento.html
29 gennaio 2019,08:45,MilanoToday,Viale Enrico Forlanini,"droga,arresti",https://www.milanotoday.it/cronaca/cocaina-caffe-linate.html
23 gennaio 2019,10:15,MilanoToday,Viale Enrico Forlanini,"droga,arresti",https://www.milanotoday.it/cronaca/arrestato-cocaina-linate.html
08 novembre 2018,11:29,MilanoToday,Viale Enrico Forlanini,incidenti,https://www.milanotoday.it/video/incidente-furgone-aereo-linate-ghali.html
08 novembre 2018,10:29,MilanoToday,Viale Enrico Forlanini,incidenti,https://www.milanotoday.it/cronaca/incidente-aereo-furgone-linate.html
24 ottobre 2018,14:07,MilanoToday,Viale Enrico Forlanini,droga,https://www.milanotoday.it/cronaca/droga-linate-sequestro.html
20 luglio 2018,13:42,MilanoToday,Viale Enrico Forlanini,arresti,https://www.milanotoday.it/cronaca/violentatore-bar-piacenza.html
19 giugno 2018,08:04,MilanoToday,Viale Enrico Forlanini,incidenti-stradali,https://www.milanotoday.it/cronaca/incidente-stradale/ragazzo-coma-viale-forlanini.html
Date,Time,Source,Street,Tags,Link
Date,Time,Source,Street,Tags,Link
17 settembre 2020,12:20,MilanoToday,Via Sant'Andrea,"rapine,arresti",https://www.milanotoday.it/cronaca/rapina-via-pontaccio-arrestato.html
29 novembre 2018,14:43,MilanoToday,Via Sant'Andrea,"rapine,arresti",https://www.milanotoday.it/zone/centro/castello-cadorna/arresto-pink-panthers-rapina-brera.html
18 marzo 2018,08:46,MilanoToday,Via Sant'Andrea,furti,https://www.milanotoday.it/zone/centro/montenapoleone/furto-miu-miu.html
Date,Time,Source,Street,Tags,Link
Date,Time,Source,Street,Tags,Link
Date,Time,Source,Street,Tags,Link
22 ottobre 2021,08:47,MilanoToday,Via Dante,morti,https://www.milanotoday.it/cronaca/morto-maurizio-vitale.html
16 settembre 2021,12:45,MilanoToday,Via Dante,"arresti,aggressioni",https://www.milanotoday.it/cronaca/ciclista-picchiato-abbiategrasso.html
30 agosto 2021,14:22,MilanoToday,Via Dante,rapine,https://www.milanotoday.it/cronaca/rapina-san-donato-via-dante.html
19 agosto 2021,12:10,MilanoToday,Via Dante,arresti,https://www.milanotoday.it/cronaca/ubriaco-mostra-genitali-polizia.html
30 luglio 2021,12:23,MilanoToday,Via Dante,arresti,https://www.milanotoday.it/cronaca/molesta-passanti-arresto-via-dante.html
15 aprile 2021,07:43,MilanoToday,Via Dante,morti,https://www.milanotoday.it/economia/panificio-lomazzi.html
19 febbraio 2021,11:56,MilanoToday,Via Dante,rapine,https://www.milanotoday.it/cronaca/rapine-treni-ceriano-laghetto.html
28 luglio 2020,14:37,MilanoToday,Via Dante,furti,https://www.milanotoday.it/cronaca/spaccata-negozio-via-dante.html
10 gennaio 2020,08:36,MilanoToday,Via Dante,incidenti-stradali,https://www.milanotoday.it/cronaca/incidente-stradale/abbiategrasso-via-dante-elisoccorso.html
14 dicembre 2019,16:39,MilanoToday,Via Dante,furti,https://www.milanotoday.it/video/furti-borseggiatrici-via-dante.html
22 novembre 2019,19:02,MilanoToday,Via Dante,incidenti,https://www.milanotoday.it/zone/legnano/parabiago/gru-crolla-palazzi.html
19 agosto 2019,13:25,MilanoToday,Via Dante,"furti,arresti",https://www.milanotoday.it/cronaca/furto-foglietto-tavolo-bar.html
02 agosto 2019,13:29,MilanoToday,Via Dante,aggressioni,https://www.milanotoday.it/cronaca/nudo-binari-villapizzone-sasso.html
28 marzo 2019,12:47,MilanoToday,Via Dante,arresti,https://www.milanotoday.it/cronaca/accoltella-ex-moglie-rho.html
27 febbraio 2019,16:28,MilanoToday,Via Dante,arresti,https://www.milanotoday.it/cronaca/arresti-rifiuti-incendio-via-chiasserini.html
27 febbraio 2019,08:19,MilanoToday,Via Dante,arresti,https://www.milanotoday.it/cronaca/arresti-incendio-via-chiasserini-.html
26 dicembre 2018,12:29,MilanoToday,Via Dante,"arresti,aggressioni",https://www.milanotoday.it/zone/centro/duomo/vigili-aggrediti-via-dante.html
14 ottobre 2018,12:43,MilanoToday,Via Dante,furti,https://www.milanotoday.it/cronaca/incidente-stradale/fuga-ladri-pandino-rivolta.html
27 luglio 2018,13:09,MilanoToday,Via Dante,arresti,https://www.milanotoday.it/cronaca/arrestato-domenico-colicchio-vigile.html
18 luglio 2018,15:18,MilanoToday,Via Dante,"rapine,arresti",https://www.milanotoday.it/zone/corsico/arrestati-rapinatori-fidanzati.html
30 aprile 2018,16:06,MilanoToday,Via Dante,furti,https://www.milanotoday.it/cronaca/furto-ragazza-rom-sempione.html
28 aprile 2018,09:24,MilanoToday,Via Dante,"indagini,morti,arresti",https://www.milanotoday.it/cronaca/omicidio/ragazzo-ucciso-stazione.html
05 aprile 2018,18:22,MilanoToday,Via Dante,"rapine,arresti",https://www.milanotoday.it/cronaca/rapina-farmacia-san-zenone.html
28 febbraio 2018,18:57,MilanoToday,Via Dante,arresti,https://www.milanotoday.it/cronaca/bomba-pioltello-ndrangheta.html
Date,Time,Source,Street,Tags,Link
07 settembre 2021,12:29,MilanoToday,Via della Spiga,furti,https://www.milanotoday.it/cronaca/furto-rolex-parco-basiliche.html
01 settembre 2021,12:42,MilanoToday,Via della Spiga,rapine,https://www.milanotoday.it/zone/centro/rapina-rolex-milazzo-2021.html
31 agosto 2021,11:36,MilanoToday,Via della Spiga,"rapine,furti",https://www.milanotoday.it/cronaca/cosmin-olaroiu-scippato-orologio.html
15 settembre 2020,15:22,MilanoToday,Via della Spiga,arresti,https://www.milanotoday.it/cronaca/ladre-arrestate-via-della-spiga-.html
11 settembre 2020,12:23,MilanoToday,Via della Spiga,"rapine,arresti",https://www.milanotoday.it/cronaca/rapina-gioielliere-duchini-fischer.html
26 gennaio 2020,16:49,MilanoToday,Via della Spiga,furti,https://www.milanotoday.it/zone/centro/montenapoleone/furto-strada-turisti-anelli.html
26 gennaio 2020,16:40,MilanoToday,Via della Spiga,furti,https://www.milanotoday.it/zone/centro/montenapoleone/furto-turista-via-spiga-giacca.html
30 agosto 2019,14:36,MilanoToday,Via della Spiga,"furti,arresti",https://www.milanotoday.it/cronaca/furto-diamante-quadrilatero.html
17 luglio 2019,15:54,MilanoToday,Via della Spiga,furti,https://www.milanotoday.it/cronaca/furto-appartamento-via-manzoni.html
15 luglio 2019,16:58,MilanoToday,Via della Spiga,droga,https://www.milanotoday.it/cronaca/droga-nascosta-auto-via-corazzini.html
17 novembre 2018,16:33,MilanoToday,Via della Spiga,furti,https://www.milanotoday.it/zone/centro/montenapoleone/furto-moorer-via-spiga.html
18 marzo 2018,08:46,MilanoToday,Via della Spiga,furti,https://www.milanotoday.it/zone/centro/montenapoleone/furto-miu-miu.html
Date,Time,Source,Street,Tags,Link
22 ottobre 2021,08:47,MilanoToday,Via Manzoni,morti,https://www.milanotoday.it/cronaca/morto-maurizio-vitale.html
26 agosto 2021,14:29,MilanoToday,Via Manzoni,"furti,arresti",https://www.milanotoday.it/cronaca/furto-casa-melegnano-arrestati.html
21 luglio 2021,15:21,MilanoToday,Via Manzoni,"incidenti-stradali,morti",https://www.milanotoday.it/cronaca/incidente-stradale/morto-lentate.html
07 luglio 2021,17:27,MilanoToday,Via Manzoni,droga,https://www.milanotoday.it/cronaca/spaccio-via-manzoni-buccinasco.html
03 luglio 2021,11:47,MilanoToday,Via Manzoni,aggressioni,https://www.milanotoday.it/video/coppia-gay-aggredita-intervista.html
28 giugno 2021,09:46,MilanoToday,Via Manzoni,aggressioni,https://www.milanotoday.it/cronaca/barista-porta-venezia-picchiato-gay.html
28 giugno 2021,07:19,MilanoToday,Via Manzoni,aggressioni,https://www.milanotoday.it/cronaca/ragazzi-gay-aggrediiti-pride.html
27 giugno 2021,14:32,MilanoToday,Via Manzoni,"furti,arresti",https://www.milanotoday.it/cronaca/furti-montenapoleone-arresto.html
04 giugno 2021,14:31,MilanoToday,Via Manzoni,"incidenti-stradali,arresti",https://www.milanotoday.it/cronaca/inseguimento-montenapoleone-ieri.html
10 agosto 2020,13:18,MilanoToday,Via Manzoni,"furti,arresti",https://www.milanotoday.it/cronaca/furto-dmag-via-manzoni.html
02 giugno 2020,15:37,MilanoToday,Via Manzoni,morti,https://www.milanotoday.it/cronaca/laura-siani-pm-morta.html
22 gennaio 2020,17:41,MilanoToday,Via Manzoni,furti,https://www.milanotoday.it/zone/centro/duomo/furto-ufficio-manzoni.html
05 agosto 2019,07:40,MilanoToday,Via Manzoni,incidenti,https://www.milanotoday.it/cronaca/incidente-stradale/armando-tropea-maria-pia-reale-morti.html
17 luglio 2019,15:54,MilanoToday,Via Manzoni,furti,https://www.milanotoday.it/cronaca/furto-appartamento-via-manzoni.html
28 giugno 2019,15:06,MilanoToday,Via Manzoni,incidenti-stradali,https://www.milanotoday.it/cronaca/incidente-stradale/pirata-bareggio-trovato.html
27 giugno 2019,07:08,MilanoToday,Via Manzoni,incidenti-stradali,https://www.milanotoday.it/cronaca/incidente-stradale/bareggio-ciclista-grave-pirata.html
30 maggio 2019,09:07,MilanoToday,Via Manzoni,incidenti,https://www.milanotoday.it/cronaca/incidente-stradale/inveruno-via-manzoni.html
26 aprile 2019,08:39,MilanoToday,Via Manzoni,furti,https://www.milanotoday.it/zone/centro/montenapoleone/furto-cellulare-moglie-sceicco.html
14 aprile 2019,13:18,MilanoToday,Via Manzoni,furti,https://www.milanotoday.it/zone/centro/duomo/furto-via-manzoni-turista.html
07 marzo 2019,08:24,MilanoToday,Via Manzoni,incidenti-stradali,https://www.milanotoday.it/cronaca/incidente-stradale/bambino-investito-via-aprica.html
22 febbraio 2019,13:10,MilanoToday,Via Manzoni,furti,https://www.milanotoday.it/zone/centro/montenapoleone/furto-hettabretz-giubbotti.html
15 gennaio 2019,13:49,MilanoToday,Via Manzoni,incidenti-stradali,https://www.milanotoday.it/cronaca/incidente-stradale/investiti-abbiategrasso.html
08 dicembre 2018,15:20,MilanoToday,Via Manzoni,furti,https://www.milanotoday.it/cronaca/bancomat-saltato-notte.html
25 settembre 2018,16:36,MilanoToday,Via Manzoni,"droga,arresti",https://www.milanotoday.it/zone/centro/montenapoleone/arrestato-spaccio-enjoy.html
22 settembre 2018,16:34,MilanoToday,Via Manzoni,furti,https://www.milanotoday.it/zone/centro/ruba-giornali-feltrinelli.html
Date,Time,Source,Street,Tags,Link
27 giugno 2021,14:32,MilanoToday,Via Monte Napoleone,"furti,arresti",https://www.milanotoday.it/cronaca/furti-montenapoleone-arresto.html
04 giugno 2021,14:31,MilanoToday,Via Monte Napoleone,"incidenti-stradali,arresti",https://www.milanotoday.it/cronaca/inseguimento-montenapoleone-ieri.html
09 maggio 2021,14:39,MilanoToday,Via Monte Napoleone,vandali,https://www.milanotoday.it/video/spray-peperoncino-metro-montenapoleone.html
25 febbraio 2021,14:17,MilanoToday,Via Monte Napoleone,arresti,https://www.milanotoday.it/cronaca/arresti-pizzerie-casa-moda.html
29 gennaio 2020,15:49,MilanoToday,Via Monte Napoleone,furti,https://www.milanotoday.it/zone/centro/montenapoleone/cappotto-schermato-furto-louis-vuitton.html
26 gennaio 2020,16:49,MilanoToday,Via Monte Napoleone,furti,https://www.milanotoday.it/zone/centro/montenapoleone/furto-strada-turisti-anelli.html
19 gennaio 2020,18:14,MilanoToday,Via Monte Napoleone,"furti,arresti",https://www.milanotoday.it/cronaca/furto-metro-montenapoleone-incinta.html
04 marzo 2019,18:41,MilanoToday,Via Monte Napoleone,furti,https://www.milanotoday.it/cronaca/furto-via-montenapoleone-14.html
17 dicembre 2018,13:42,MilanoToday,Via Monte Napoleone,"furti,arresti",https://www.milanotoday.it/zone/centro/montenapoleone/furto-metro-macchinette.html
08 novembre 2018,13:51,MilanoToday,Via Monte Napoleone,furti,https://www.milanotoday.it/zone/centro/montenapoleone/furto-louis-vuitton-montenapoleone.html
02 novembre 2018,13:17,MilanoToday,Via Monte Napoleone,furti,https://www.milanotoday.it/zone/centro/montenapoleone/furto-philipp-plein.html
30 giugno 2018,17:46,MilanoToday,Via Monte Napoleone,rapine,https://www.milanotoday.it/zone/centro/montenapoleone/rapina-orologeria.html
